{
  "project_info": {
    "project_number": "478653086830",
    "project_id": "myfirstproject-4714f",
    "storage_bucket": "myfirstproject-4714f.appspot.com"
  },
  "client": [
    {
      "client_info": {
        "mobilesdk_app_id": "1:478653086830:android:1e6d81e5ec88ee486a3a7f",
        "android_client_info": {
          "package_name": "com.example.notification"
        }
      },
      "oauth_client": [],
      "api_key": [
        {
          "current_key": "AIzaSyA-U73hNrLGdB1tZaaPW0vTSBBedmPHZL8"
        }
      ],
      "services": {
        "appinvite_service": {
          "other_platform_oauth_client": []
        }
      }
    }
  ],
  "configuration_version": "1"
}